time_limit, cost_limit, E_time, E_cost, P_success_inf, P_success_sup, P_success_confidence, time_distribution_low, time_distribution_up, time_distribution_hist, cost_distribution_low, cost_distribution_up, cost_distribution_hist, t_d_dk, t_d_cp, t_d_cc, t_d_dsr,  p_d_dk, p_d_cp, p_d_cc, p_d_dsr, t_a_ad, t_a_ic, t_a_p, t_a_sp, t_a_bf, t_a_ss, t_a_fue, p_a_ad, p_a_ic, p_a_p, p_a_sp, p_a_bf, p_a_ss, p_a_fue, w_a_ad, w_a_ic, w_a_p, w_a_sp, w_a_bf, w_a_ss, w_a_fue, wp_a_ad, wp_a_ic, wp_a_p, wp_a_sp, wp_a_bf, wp_a_ss, wp_a_fue
10000, None, 1299.07, 410.966, 0.901855, 1.0, 0.95, 10.0, 100000.0, 9654; 255; 10; 0; 0; 0; 0; 0; 0; 0; 0; 0; 0; 0; 0; 0; 0; 0; 0; 0; 0; 0; 0; 0; 0; 0; 0; 0; 0; 0; 0; 0; 0; 0; 0; 0; 0; 0; 0; 0; 0; 0; 0; 0; 0; 0; 0; 0; 0; 0; 0; 0; 0; 0; 0; 0; 0; 0; 0; 0; 0; 0; 0; 0; 0; 0; 0; 0; 0; 0; 0; 0; 0; 0; 0; 0; 0; 0; 0; 0; 0; 0; 0; 0; 0; 0; 0; 0; 0; 0; 0; 0; 0; 0; 0; 0; 0; 0; 0; 0; 81, 144.0, 3457.0, 1886; 1134; 375; 1124; 909; 700; 553; 37; 462; 353; 278; 252; 141; 128; 148; 146; 104; 67; 73; 53; 49; 54; 72; 135; 71; 58; 38; 44; 55; 34; 49; 32; 33; 27; 34; 24; 19; 12; 18; 25; 16; 15; 14; 9; 17; 15; 6; 8; 7; 11; 3; 3; 6; 5; 3; 5; 4; 4; 5; 0; 1; 3; 2; 1; 0; 0; 3; 1; 3; 2; 0; 2; 2; 2; 3; 3; 1; 0; 2; 1; 2; 0; 0; 1; 0; 0; 0; 0; 1; 0; 0; 0; 0; 0; 0; 0; 0; 1; 0; 1; 0, 100000, 100000, 100000, 100000, 1, 0.5, 1, 1, 8, 4, 1, 440, 1, 30, 720, 0.5, 0.3, 1, 0.8, 0.001, 0.2, 0.8, 10, 0, 0, 20, 0, 10, 10, 20, 50, 100, 0, 1, 0, 0
2000, None, 607.691, 409.867, 0.901855, 1.0, 0.95, 440.0, 100000.0, 9972; 17; 0; 0; 0; 0; 0; 0; 0; 0; 0; 0; 0; 0; 0; 0; 0; 0; 0; 0; 0; 0; 0; 0; 0; 0; 0; 0; 0; 0; 0; 0; 0; 0; 0; 0; 0; 0; 0; 0; 0; 0; 0; 0; 0; 0; 0; 0; 0; 0; 0; 0; 0; 0; 0; 0; 0; 0; 0; 0; 0; 0; 0; 0; 0; 0; 0; 0; 0; 0; 0; 0; 0; 0; 0; 0; 0; 0; 0; 0; 0; 0; 0; 0; 0; 0; 0; 0; 0; 0; 0; 0; 0; 0; 0; 0; 0; 0; 0; 0; 11, 310.0, 2468.0, 4047; 1585; 1025; 629; 403; 262; 128; 22; 36; 34; 384; 268; 236; 89; 69; 39; 45; 35; 119; 94; 49; 45; 26; 22; 32; 13; 22; 33; 20; 18; 17; 8; 13; 7; 6; 8; 5; 5; 12; 6; 8; 6; 2; 4; 4; 1; 2; 5; 3; 4; 4; 2; 1; 4; 2; 3; 1; 0; 2; 2; 3; 1; 2; 0; 1; 0; 1; 3; 0; 2; 1; 2; 0; 0; 0; 0; 0; 0; 0; 0; 0; 0; 0; 1; 0; 1; 0; 0; 0; 1; 1; 1; 1; 0; 1; 0; 0; 0; 0; 0; 1, 100000, 100000, 100000, 100000, 1, 0.5, 1, 1, 8, 4, 1, 440, 1, 30, 720, 0.5, 0.3, 1, 0.8, 0.001, 0.2, 0.8, 10, 0, 0, 20, 0, 10, 10, 20, 50, 100, 0, 1, 0, 0
1800, None, 549.744, 186.581, 0.901855, 1.0, 0.95, 440.0, 100000.0, 9985; 11; 0; 0; 0; 0; 0; 0; 0; 0; 0; 0; 0; 0; 0; 0; 0; 0; 0; 0; 0; 0; 0; 0; 0; 0; 0; 0; 0; 0; 0; 0; 0; 0; 0; 0; 0; 0; 0; 0; 0; 0; 0; 0; 0; 0; 0; 0; 0; 0; 0; 0; 0; 0; 0; 0; 0; 0; 0; 0; 0; 0; 0; 0; 0; 0; 0; 0; 0; 0; 0; 0; 0; 0; 0; 0; 0; 0; 0; 0; 0; 0; 0; 0; 0; 0; 0; 0; 0; 0; 0; 0; 0; 0; 0; 0; 0; 0; 0; 0; 4, 140.0, 1887.0, 2801; 2463; 1717; 566; 905; 602; 341; 123; 164; 108; 76; 25; 47; 18; 7; 1; 2; 2; 0; 1; 0; 0; 0; 0; 1; 0; 0; 0; 0; 0; 0; 0; 0; 0; 1; 12; 1; 2; 0; 0; 1; 0; 0; 0; 1; 2; 1; 1; 0; 1; 0; 0; 0; 0; 0; 1; 2; 0; 0; 0; 0; 0; 0; 0; 0; 0; 1; 0; 0; 0; 0; 0; 0; 0; 0; 0; 0; 1; 0; 0; 0; 0; 0; 0; 0; 0; 0; 0; 0; 1; 0; 0; 0; 0; 0; 0; 0; 0; 0; 0; 1, 100000, 100000, 100000, 100000, 1, 0.5, 1, 1, 8, 4, 1, 440, 1, 30, 720, 0.5, 0.3, 1, 0.8, 0.001, 0.2, 0.8, 10, 0, 0, 20, 0, 10, 10, 20, 50, 100, 0, 1, 0, 0
1600, None, 993.951, 735.925, 0.897759, 0.996418, 0.95, 44.0, 100000.0, 9007; 899; 57; 9; 0; 0; 0; 0; 0; 0; 0; 0; 0; 0; 0; 0; 0; 0; 0; 0; 0; 0; 0; 0; 0; 0; 0; 0; 0; 0; 0; 0; 0; 0; 0; 0; 0; 0; 0; 0; 0; 0; 0; 0; 0; 0; 0; 0; 0; 0; 0; 0; 0; 0; 0; 0; 0; 0; 0; 0; 0; 0; 0; 0; 0; 0; 0; 0; 0; 0; 0; 0; 0; 0; 0; 0; 0; 0; 0; 0; 0; 0; 0; 0; 0; 0; 0; 0; 0; 0; 0; 0; 0; 0; 0; 0; 0; 0; 0; 0; 28, 44.0, 3404.0, 8; 13; 18; 22; 17; 39; 44; 42; 55; 56; 68; 91; 285; 1166; 597; 450; 408; 565; 1422; 883; 544; 489; 259; 196; 197; 185; 209; 195; 140; 126; 116; 108; 122; 99; 79; 85; 64; 50; 55; 51; 45; 52; 25; 31; 30; 19; 24; 18; 5; 21; 9; 9; 9; 7; 11; 9; 4; 8; 5; 4; 3; 2; 3; 2; 2; 3; 4; 0; 4; 4; 2; 2; 0; 1; 0; 0; 0; 2; 0; 1; 0; 1; 0; 0; 0; 0; 0; 0; 0; 0; 0; 0; 0; 0; 0; 0; 0; 0; 0; 0; 1, 100000, 100000, 100000, 100000, 1, 0.5, 1, 1, 8, 4, 1, 440, 1, 30, 720, 0.5, 0.3, 1, 0.8, 0.001, 0.2, 0.8, 10, 0, 0, 20, 0, 10, 10, 20, 50, 100, 0, 1, 0, 0
1500, None, 558.93, 393.636, 0.901855, 1.0, 0.95, 10.0, 100000.0, 9937; 54; 2; 0; 0; 0; 0; 0; 0; 0; 0; 0; 0; 0; 0; 0; 0; 0; 0; 0; 0; 0; 0; 0; 0; 0; 0; 0; 0; 0; 0; 0; 0; 0; 0; 0; 0; 0; 0; 0; 0; 0; 0; 0; 0; 0; 0; 0; 0; 0; 0; 0; 0; 0; 0; 0; 0; 0; 0; 0; 0; 0; 0; 0; 0; 0; 0; 0; 0; 0; 0; 0; 0; 0; 0; 0; 0; 0; 0; 0; 0; 0; 0; 0; 0; 0; 0; 0; 0; 0; 0; 0; 0; 0; 0; 0; 0; 0; 0; 0; 7, 142.0, 4559.0, 1541; 1741; 1240; 916; 725; 627; 483; 529; 310; 263; 209; 178; 143; 246; 152; 55; 53; 69; 53; 38; 41; 45; 43; 42; 22; 24; 31; 17; 25; 17; 14; 11; 9; 9; 13; 6; 6; 7; 3; 6; 3; 2; 3; 2; 3; 3; 1; 0; 3; 1; 2; 1; 2; 3; 2; 1; 1; 0; 1; 1; 1; 0; 0; 1; 0; 0; 0; 0; 0; 0; 0; 0; 0; 0; 0; 0; 0; 0; 0; 0; 0; 0; 0; 0; 0; 0; 0; 0; 0; 0; 0; 0; 0; 0; 0; 0; 0; 0; 0; 0; 1, 100000, 100000, 100000, 100000, 1, 0.5, 1, 1, 8, 4, 1, 440, 1, 30, 720, 0.5, 0.3, 1, 0.8, 0.001, 0.2, 0.8, 10, 0, 0, 20, 0, 10, 10, 20, 50, 100, 0, 1, 0, 0
1400, None, 794.626, 262.659, 0.901855, 1.0, 0.95, 38.0, 100000.0, 9886; 82; 3; 0; 0; 0; 0; 0; 0; 0; 0; 0; 0; 0; 0; 0; 0; 0; 0; 0; 0; 0; 0; 0; 0; 0; 0; 0; 0; 0; 0; 0; 0; 0; 0; 0; 0; 0; 0; 0; 0; 0; 0; 0; 0; 0; 0; 0; 0; 0; 0; 0; 0; 0; 0; 0; 0; 0; 0; 0; 0; 0; 0; 0; 0; 0; 0; 0; 0; 0; 0; 0; 0; 0; 0; 0; 0; 0; 0; 0; 0; 0; 0; 0; 0; 0; 0; 0; 0; 0; 0; 0; 0; 0; 0; 0; 0; 0; 0; 29, 130.0, 2582.0, 2084; 1962; 1697; 738; 595; 230; 233; 302; 339; 226; 118; 108; 40; 19; 28; 340; 143; 157; 101; 39; 44; 15; 36; 80; 49; 48; 29; 19; 9; 14; 27; 31; 12; 13; 11; 8; 5; 1; 10; 4; 6; 1; 0; 4; 1; 2; 3; 6; 1; 0; 1; 4; 0; 0; 0; 0; 0; 1; 0; 0; 2; 0; 0; 0; 0; 0; 0; 0; 1; 0; 0; 0; 0; 0; 0; 0; 1; 1; 0; 0; 0; 0; 0; 0; 0; 0; 0; 0; 0; 0; 0; 0; 0; 0; 0; 0; 0; 0; 0; 0; 1, 100000, 100000, 100000, 100000, 1, 0.5, 1, 1, 8, 4, 1, 440, 1, 30, 720, 0.5, 0.3, 1, 0.8, 0.001, 0.2, 0.8, 10, 0, 0, 20, 0, 10, 10, 20, 50, 100, 0, 1, 0, 0
1500, None, 1214.25, 201.047, 0.897759, 0.996418, 0.95, 441.0, 100000.0, 9777; 153; 0; 0; 0; 0; 0; 0; 0; 0; 0; 0; 0; 0; 0; 0; 0; 0; 0; 0; 0; 0; 0; 0; 0; 0; 0; 0; 0; 0; 0; 0; 0; 0; 0; 0; 0; 0; 0; 0; 0; 0; 0; 0; 0; 0; 0; 0; 0; 0; 0; 0; 0; 0; 0; 0; 0; 0; 0; 0; 0; 0; 0; 0; 0; 0; 0; 0; 0; 0; 0; 0; 0; 0; 0; 0; 0; 0; 0; 0; 0; 0; 0; 0; 0; 0; 0; 0; 0; 0; 0; 0; 0; 0; 0; 0; 0; 0; 0; 0; 70, 140.0, 2311.0, 4683; 1883; 1149; 760; 473; 404; 14; 23; 29; 32; 20; 15; 14; 6; 65; 46; 53; 25; 31; 35; 15; 10; 21; 18; 12; 5; 9; 7; 15; 11; 26; 8; 8; 4; 1; 4; 0; 3; 12; 7; 2; 2; 2; 1; 3; 0; 7; 2; 2; 1; 0; 1; 2; 3; 2; 1; 1; 1; 0; 1; 0; 1; 1; 1; 0; 1; 0; 1; 0; 0; 0; 0; 0; 0; 0; 0; 1; 0; 0; 0; 0; 0; 0; 0; 0; 0; 1; 0; 0; 0; 0; 0; 2; 0; 0; 0; 0; 0; 0; 0; 1, 100000, 100000, 100000, 100000, 1, 0.5, 1, 1, 8, 4, 1, 440, 1, 30, 720, 0.5, 0.3, 1, 0.8, 0.001, 0.2, 0.8, 10, 0, 0, 20, 0, 10, 10, 20, 50, 100, 0, 1, 0, 0
1400, None, 548.972, 194.21, 0.901855, 1.0, 0.95, 440.0, 100000.0, 9969; 27; 0; 0; 0; 0; 0; 0; 0; 0; 0; 0; 0; 0; 0; 0; 0; 0; 0; 0; 0; 0; 0; 0; 0; 0; 0; 0; 0; 0; 0; 0; 0; 0; 0; 0; 0; 0; 0; 0; 0; 0; 0; 0; 0; 0; 0; 0; 0; 0; 0; 0; 0; 0; 0; 0; 0; 0; 0; 0; 0; 0; 0; 0; 0; 0; 0; 0; 0; 0; 0; 0; 0; 0; 0; 0; 0; 0; 0; 0; 0; 0; 0; 0; 0; 0; 0; 0; 0; 0; 0; 0; 0; 0; 0; 0; 0; 0; 0; 0; 4, 140.0, 2059.0, 2827; 2465; 1584; 1022; 643; 434; 278; 185; 116; 74; 81; 42; 32; 20; 17; 17; 6; 6; 3; 2; 15; 22; 18; 11; 11; 4; 4; 2; 2; 1; 1; 3; 7; 8; 2; 4; 0; 0; 1; 1; 2; 2; 5; 2; 2; 0; 2; 3; 0; 0; 1; 2; 1; 0; 1; 1; 1; 0; 0; 0; 1; 0; 0; 0; 0; 0; 0; 0; 1; 0; 0; 0; 1; 0; 0; 0; 0; 0; 0; 0; 0; 0; 0; 0; 0; 0; 0; 0; 0; 0; 0; 0; 0; 0; 0; 0; 0; 0; 0; 0; 1, 100000, 100000, 100000, 100000, 1, 0.5, 1, 1, 8, 4, 1, 440, 1, 30, 720, 0.5, 0.3, 1, 0.8, 0.001, 0.2, 0.8, 10, 0, 0, 20, 0, 10, 10, 20, 50, 100, 0, 1, 0, 0
1300, None, 804.51, 763.143, 0.901085, 0.999531, 0.95, 10.0, 100000.0, 9880; 84; 2; 0; 0; 0; 0; 0; 0; 0; 0; 0; 0; 0; 0; 0; 0; 0; 0; 0; 0; 0; 0; 0; 0; 0; 0; 0; 0; 0; 0; 0; 0; 0; 0; 0; 0; 0; 0; 0; 0; 0; 0; 0; 0; 0; 0; 0; 0; 0; 0; 0; 0; 0; 0; 0; 0; 0; 0; 0; 0; 0; 0; 0; 0; 0; 0; 0; 0; 0; 0; 0; 0; 0; 0; 0; 0; 0; 0; 0; 0; 0; 0; 0; 0; 0; 0; 0; 0; 0; 0; 0; 0; 0; 0; 0; 0; 0; 0; 34, 143.0, 3192.0, 26; 29; 38; 48; 44; 54; 63; 74; 97; 60; 72; 77; 130; 129; 2759; 1455; 762; 429; 299; 205; 210; 182; 148; 119; 197; 168; 163; 199; 137; 139; 159; 120; 100; 90; 69; 70; 97; 71; 69; 44; 42; 47; 53; 38; 43; 27; 20; 19; 25; 17; 21; 22; 19; 15; 16; 16; 14; 10; 13; 9; 8; 9; 7; 9; 10; 5; 9; 4; 4; 5; 4; 4; 3; 4; 2; 0; 3; 1; 3; 2; 2; 0; 2; 1; 0; 2; 0; 1; 1; 0; 1; 1; 0; 1; 2; 0; 1; 0; 1; 0; 1, 100000, 100000, 100000, 100000, 1, 0.5, 1, 1, 8, 4, 1, 440, 1, 30, 720, 0.5, 0.3, 1, 0.8, 0.001, 0.2, 0.8, 10, 0, 0, 20, 0, 10, 10, 20, 50, 100, 0, 1, 0, 0
1200, None, 902.049, 1041.16, 0.901085, 0.999531, 0.95, 9.0, 100000.0, 9778; 181; 3; 1; 0; 0; 0; 0; 0; 0; 0; 0; 0; 0; 0; 0; 0; 0; 0; 0; 0; 0; 0; 0; 0; 0; 0; 0; 0; 0; 0; 0; 0; 0; 0; 0; 0; 0; 0; 0; 0; 0; 0; 0; 0; 0; 0; 0; 0; 0; 0; 0; 0; 0; 0; 0; 0; 0; 0; 0; 0; 0; 0; 0; 0; 0; 0; 0; 0; 0; 0; 0; 0; 0; 0; 0; 0; 0; 0; 0; 0; 0; 0; 0; 0; 0; 0; 0; 0; 0; 0; 0; 0; 0; 0; 0; 0; 0; 0; 37, 32.0, 3890.0, 16; 14; 6; 30; 32; 64; 57; 50; 51; 74; 78; 77; 108; 136; 430; 577; 329; 158; 184; 276; 296; 275; 184; 261; 1070; 444; 387; 282; 620; 418; 244; 216; 239; 476; 230; 193; 155; 156; 233; 127; 87; 78; 86; 68; 53; 31; 44; 34; 30; 29; 17; 22; 8; 14; 19; 12; 10; 8; 9; 15; 7; 5; 4; 4; 10; 5; 4; 4; 3; 2; 3; 0; 4; 3; 0; 3; 0; 0; 1; 1; 1; 0; 0; 2; 0; 1; 0; 1; 0; 0; 0; 2; 1; 1; 0; 0; 0; 0; 0; 0; 1, 100000, 100000, 100000, 100000, 1, 0.5, 1, 1, 8, 4, 1, 440, 1, 30, 720, 0.5, 0.3, 1, 0.8, 0.001, 0.2, 0.8, 10, 0, 0, 20, 0, 10, 10, 20, 50, 100, 0, 1, 0, 0
1100, None, 1242.0, 400.124, 0.897759, 0.996418, 0.95, 12.0, 100000.0, 9681; 238; 5; 1; 0; 0; 0; 0; 0; 0; 0; 0; 0; 0; 0; 0; 0; 0; 0; 0; 0; 0; 0; 0; 0; 0; 0; 0; 0; 0; 0; 0; 0; 0; 0; 0; 0; 0; 0; 0; 0; 0; 0; 0; 0; 0; 0; 0; 0; 0; 0; 0; 0; 0; 0; 0; 0; 0; 0; 0; 0; 0; 0; 0; 0; 0; 0; 0; 0; 0; 0; 0; 0; 0; 0; 0; 0; 0; 0; 0; 0; 0; 0; 0; 0; 0; 0; 0; 0; 0; 0; 0; 0; 0; 0; 0; 0; 0; 0; 75, 145.0, 3612.0, 1883; 1496; 597; 615; 919; 711; 563; 471; 350; 275; 42; 251; 218; 208; 125; 127; 90; 52; 67; 59; 43; 74; 67; 54; 53; 30; 29; 73; 45; 28; 27; 22; 30; 32; 20; 22; 13; 16; 26; 18; 13; 13; 9; 11; 17; 15; 9; 14; 2; 7; 7; 7; 2; 3; 4; 2; 2; 0; 1; 0; 2; 1; 2; 3; 1; 0; 2; 1; 1; 2; 0; 0; 0; 0; 0; 1; 1; 1; 0; 0; 0; 0; 0; 1; 0; 1; 0; 0; 0; 0; 0; 0; 0; 0; 0; 0; 0; 0; 0; 0; 1, 100000, 100000, 100000, 100000, 1, 0.5, 1, 1, 8, 4, 1, 440, 1, 30, 720, 0.5, 0.3, 1, 0.8, 0.001, 0.2, 0.8, 10, 0, 0, 20, 0, 10, 10, 20, 50, 100, 0, 1, 0, 0
1000, None, 796.361, 247.715, 0.901855, 1.0, 0.95, 25.0, 100000.0, 9830; 139; 2; 0; 0; 0; 0; 0; 0; 0; 0; 0; 0; 0; 0; 0; 0; 0; 0; 0; 0; 0; 0; 0; 0; 0; 0; 0; 0; 0; 0; 0; 0; 0; 0; 0; 0; 0; 0; 0; 0; 0; 0; 0; 0; 0; 0; 0; 0; 0; 0; 0; 0; 0; 0; 0; 0; 0; 0; 0; 0; 0; 0; 0; 0; 0; 0; 0; 0; 0; 0; 0; 0; 0; 0; 0; 0; 0; 0; 0; 0; 0; 0; 0; 0; 0; 0; 0; 0; 0; 0; 0; 0; 0; 0; 0; 0; 0; 0; 29, 141.0, 3281.0, 5117; 1770; 948; 499; 100; 21; 132; 238; 89; 41; 14; 42; 180; 163; 103; 41; 64; 10; 25; 42; 18; 28; 58; 12; 24; 35; 11; 13; 22; 15; 12; 14; 6; 8; 8; 0; 2; 3; 6; 3; 4; 14; 3; 1; 2; 1; 4; 5; 1; 1; 1; 0; 8; 0; 0; 1; 0; 3; 0; 3; 0; 0; 0; 0; 2; 1; 0; 1; 0; 1; 0; 0; 0; 0; 0; 2; 1; 1; 1; 0; 0; 0; 0; 0; 0; 0; 0; 0; 0; 0; 0; 0; 0; 0; 0; 0; 0; 0; 0; 0; 1, 100000, 100000, 100000, 100000, 1, 0.5, 1, 1, 8, 4, 1, 440, 1, 30, 720, 0.5, 0.3, 1, 0.8, 0.001, 0.2, 0.8, 10, 0, 0, 20, 0, 10, 10, 20, 50, 100, 0, 1, 0, 0
900, None, 523.17, 1000.93, 0.901855, 1.0, 0.95, 10.0, 100000.0, 9930; 53; 3; 0; 0; 0; 0; 0; 0; 0; 0; 0; 0; 0; 0; 0; 0; 0; 0; 0; 0; 0; 0; 0; 0; 0; 0; 0; 0; 0; 0; 0; 0; 0; 0; 0; 0; 0; 0; 0; 0; 0; 0; 0; 0; 0; 0; 0; 0; 0; 0; 0; 0; 0; 0; 0; 0; 0; 0; 0; 0; 0; 0; 0; 0; 0; 0; 0; 0; 0; 0; 0; 0; 0; 0; 0; 0; 0; 0; 0; 0; 0; 0; 0; 0; 0; 0; 0; 0; 0; 0; 0; 0; 0; 0; 0; 0; 0; 0; 0; 14, 141.0, 4794.0, 188; 147; 111; 116; 172; 104; 82; 82; 336; 321; 247; 221; 686; 571; 470; 387; 305; 829; 771; 323; 277; 477; 346; 191; 149; 271; 257; 150; 108; 192; 127; 89; 95; 122; 91; 52; 26; 66; 66; 45; 38; 45; 32; 24; 16; 24; 26; 25; 6; 6; 10; 11; 8; 5; 15; 7; 2; 4; 6; 1; 1; 0; 5; 3; 0; 0; 0; 0; 3; 0; 2; 0; 0; 1; 2; 0; 2; 0; 0; 0; 0; 0; 0; 0; 0; 0; 1; 0; 1; 0; 0; 1; 0; 0; 0; 0; 0; 0; 0; 0; 1, 100000, 100000, 100000, 100000, 1, 0.5, 1, 1, 8, 4, 1, 440, 1, 30, 720, 0.5, 0.3, 1, 0.8, 0.001, 0.2, 0.8, 10, 0, 0, 20, 0, 10, 10, 20, 50, 100, 0, 1, 0, 0
800, None, 1044.91, 128.41, 0.766507, 0.866371, 0.95, 720.0, 100000.0, 9922; 55; 0; 0; 0; 0; 0; 0; 0; 0; 0; 0; 0; 0; 0; 0; 0; 0; 0; 0; 0; 0; 0; 0; 0; 0; 0; 0; 0; 0; 0; 0; 0; 0; 0; 0; 0; 0; 0; 0; 0; 0; 0; 0; 0; 0; 0; 0; 0; 0; 0; 0; 0; 0; 0; 0; 0; 0; 0; 0; 0; 0; 0; 0; 0; 0; 0; 0; 0; 0; 0; 0; 0; 0; 0; 0; 0; 0; 0; 0; 0; 0; 0; 0; 0; 0; 0; 0; 0; 0; 0; 0; 0; 0; 0; 0; 0; 0; 0; 0; 23, 20.0, 1223.0, 2938; 989; 805; 656; 898; 338; 288; 232; 169; 257; 219; 184; 120; 113; 172; 60; 51; 41; 41; 42; 15; 15; 23; 11; 34; 61; 28; 66; 46; 55; 43; 23; 20; 9; 29; 10; 3; 4; 5; 5; 1; 145; 124; 108; 120; 72; 48; 43; 27; 27; 22; 17; 9; 11; 7; 5; 10; 1; 21; 18; 11; 6; 3; 4; 5; 3; 2; 0; 0; 0; 1; 0; 0; 0; 1; 2; 1; 0; 0; 1; 2; 0; 2; 1; 0; 0; 0; 0; 0; 0; 0; 0; 0; 0; 0; 0; 0; 0; 0; 0; 1, 100000, 100000, 100000, 100000, 1, 0.5, 1, 1, 8, 4, 1, 440, 1, 30, 720, 0.5, 0.3, 1, 0.8, 0.001, 0.2, 0.8, 10, 0, 0, 20, 0, 10, 10, 20, 50, 100, 0, 1, 0, 0
700, None, 782.813, 594.828, 0.695282, 0.795047, 0.95, 440.0, 100000.0, 9969; 13; 0; 0; 0; 0; 0; 0; 0; 0; 0; 0; 0; 0; 0; 0; 0; 0; 0; 0; 0; 0; 0; 0; 0; 0; 0; 0; 0; 0; 0; 0; 0; 0; 0; 0; 0; 0; 0; 0; 0; 0; 0; 0; 0; 0; 0; 0; 0; 0; 0; 0; 0; 0; 0; 0; 0; 0; 0; 0; 0; 0; 0; 0; 0; 0; 0; 0; 0; 0; 0; 0; 0; 0; 0; 0; 0; 0; 0; 0; 0; 0; 0; 0; 0; 0; 0; 0; 0; 0; 0; 0; 0; 0; 0; 0; 0; 0; 0; 18, 141.0, 5037.0, 191; 288; 349; 362; 349; 306; 364; 364; 1407; 3163; 1376; 540; 217; 99; 63; 41; 45; 61; 47; 43; 32; 28; 24; 32; 21; 16; 11; 19; 16; 7; 16; 9; 11; 7; 6; 6; 6; 4; 7; 3; 6; 4; 2; 3; 2; 5; 2; 1; 3; 1; 1; 0; 4; 1; 1; 0; 2; 0; 1; 2; 0; 0; 0; 0; 0; 0; 0; 0; 1; 0; 0; 0; 0; 0; 0; 0; 0; 0; 0; 0; 0; 0; 1; 0; 0; 0; 0; 0; 0; 0; 0; 0; 0; 0; 0; 0; 0; 0; 0; 0; 1, 100000, 100000, 100000, 100000, 1, 0.5, 1, 1, 8, 4, 1, 440, 1, 30, 720, 0.5, 0.3, 1, 0.8, 0.001, 0.2, 0.8, 10, 0, 0, 20, 0, 10, 10, 20, 50, 100, 0, 1, 0, 0
600, None, 688.231, 613.498, 0.742338, 0.842098, 0.95, 39.0, 100000.0, 9937; 43; 0; 0; 0; 0; 0; 0; 0; 0; 0; 0; 0; 0; 0; 0; 0; 0; 0; 0; 0; 0; 0; 0; 0; 0; 0; 0; 0; 0; 0; 0; 0; 0; 0; 0; 0; 0; 0; 0; 0; 0; 0; 0; 0; 0; 0; 0; 0; 0; 0; 0; 0; 0; 0; 0; 0; 0; 0; 0; 0; 0; 0; 0; 0; 0; 0; 0; 0; 0; 0; 0; 0; 0; 0; 0; 0; 0; 0; 0; 0; 0; 0; 0; 0; 0; 0; 0; 0; 0; 0; 0; 0; 0; 0; 0; 0; 0; 0; 0; 20, 142.0, 3465.0, 46; 66; 77; 86; 315; 430; 464; 319; 687; 964; 697; 1725; 1139; 97; 125; 127; 100; 150; 196; 150; 237; 226; 100; 128; 119; 118; 137; 76; 80; 79; 86; 101; 67; 50; 35; 39; 41; 37; 20; 19; 27; 21; 15; 21; 18; 10; 8; 16; 14; 9; 6; 6; 12; 7; 6; 3; 4; 4; 4; 4; 6; 3; 3; 2; 1; 0; 0; 3; 3; 1; 0; 1; 1; 0; 1; 0; 0; 0; 0; 0; 0; 1; 0; 0; 0; 0; 0; 0; 0; 0; 0; 0; 0; 1; 0; 0; 0; 1; 0; 1; 1, 100000, 100000, 100000, 100000, 1, 0.5, 1, 1, 8, 4, 1, 440, 1, 30, 720, 0.5, 0.3, 1, 0.8, 0.001, 0.2, 0.8, 10, 0, 0, 20, 0, 10, 10, 20, 50, 100, 0, 1, 0, 0
500, None, 906.205, 702.637, 0.780353, 0.880351, 0.95, 10.0, 100000.0, 9879; 76; 1; 0; 0; 0; 0; 0; 0; 0; 0; 0; 0; 0; 0; 0; 0; 0; 0; 0; 0; 0; 0; 0; 0; 0; 0; 0; 0; 0; 0; 0; 0; 0; 0; 0; 0; 0; 0; 0; 0; 0; 0; 0; 0; 0; 0; 0; 0; 0; 0; 0; 0; 0; 0; 0; 0; 0; 0; 0; 0; 0; 0; 0; 0; 0; 0; 0; 0; 0; 0; 0; 0; 0; 0; 0; 0; 0; 0; 0; 0; 0; 0; 0; 0; 0; 0; 0; 0; 0; 0; 0; 0; 0; 0; 0; 0; 0; 0; 44, 20.0, 3893.0, 26; 5; 14; 103; 121; 78; 56; 86; 273; 348; 314; 263; 275; 1329; 998; 845; 607; 544; 604; 462; 380; 294; 221; 263; 208; 147; 131; 125; 127; 93; 79; 64; 66; 48; 38; 43; 44; 25; 35; 22; 19; 13; 19; 10; 8; 11; 7; 11; 10; 6; 9; 6; 9; 4; 4; 6; 6; 6; 6; 5; 0; 2; 0; 2; 1; 2; 1; 1; 1; 1; 1; 0; 1; 1; 0; 0; 0; 0; 1; 0; 0; 0; 0; 0; 1; 0; 1; 0; 1; 0; 0; 1; 0; 1; 0; 0; 0; 0; 0; 0; 1, 100000, 100000, 100000, 100000, 1, 0.5, 1, 1, 8, 4, 1, 440, 1, 30, 720, 0.5, 0.3, 1, 0.8, 0.001, 0.2, 0.8, 10, 0, 0, 20, 0, 10, 10, 20, 50, 100, 0, 1, 0, 0
400, None, 301.152, 1273.58, 0.858885, 0.958622, 0.95, 11.0, 100000.0, 9984; 3; 0; 0; 0; 0; 0; 0; 0; 0; 0; 0; 0; 0; 0; 0; 0; 0; 0; 0; 0; 0; 0; 0; 0; 0; 0; 0; 0; 0; 0; 0; 0; 0; 0; 0; 0; 0; 0; 0; 0; 0; 0; 0; 0; 0; 0; 0; 0; 0; 0; 0; 0; 0; 0; 0; 0; 0; 0; 0; 0; 0; 0; 0; 0; 0; 0; 0; 0; 0; 0; 0; 0; 0; 0; 0; 0; 0; 0; 0; 0; 0; 0; 0; 0; 0; 0; 0; 0; 0; 0; 0; 0; 0; 0; 0; 0; 0; 0; 13, 142.0, 6909.0, 39; 21; 21; 38; 19; 349; 295; 337; 753; 396; 548; 752; 523; 451; 632; 467; 402; 493; 348; 294; 354; 292; 220; 279; 208; 131; 141; 143; 126; 109; 94; 65; 81; 76; 59; 49; 44; 40; 43; 24; 26; 35; 24; 17; 19; 15; 11; 7; 11; 5; 7; 6; 6; 6; 5; 6; 4; 3; 3; 5; 1; 2; 1; 2; 2; 1; 0; 4; 2; 1; 1; 0; 1; 1; 1; 0; 0; 0; 0; 0; 0; 1; 1; 0; 0; 0; 0; 0; 0; 0; 0; 0; 0; 0; 0; 0; 0; 0; 0; 0; 1, 100000, 100000, 100000, 100000, 1, 0.5, 1, 1, 8, 4, 1, 440, 1, 30, 720, 0.5, 0.3, 1, 0.8, 0.001, 0.2, 0.8, 10, 0, 0, 20, 0, 10, 10, 20, 50, 100, 0, 1, 0, 0
300, None, 301.739, 1227.16, 0.851567, 0.951396, 0.95, 8.0, 100000.0, 9981; 1; 0; 0; 0; 0; 0; 0; 0; 0; 0; 0; 0; 0; 0; 0; 0; 0; 0; 0; 0; 0; 0; 0; 0; 0; 0; 0; 0; 0; 0; 0; 0; 0; 0; 0; 0; 0; 0; 0; 0; 0; 0; 0; 0; 0; 0; 0; 0; 0; 0; 0; 0; 0; 0; 0; 0; 0; 0; 0; 0; 0; 0; 0; 0; 0; 0; 0; 0; 0; 0; 0; 0; 0; 0; 0; 0; 0; 0; 0; 0; 0; 0; 0; 0; 0; 0; 0; 0; 0; 0; 0; 0; 0; 0; 0; 0; 0; 0; 18, 501.0, 6993.0, 1490; 14; 24; 1004; 349; 569; 508; 364; 758; 450; 264; 507; 303; 403; 347; 148; 352; 173; 191; 230; 156; 172; 112; 125; 93; 106; 94; 57; 84; 54; 55; 54; 38; 41; 37; 33; 27; 20; 18; 19; 16; 15; 19; 11; 11; 11; 6; 8; 4; 8; 3; 4; 7; 5; 4; 1; 3; 3; 1; 0; 5; 3; 0; 0; 1; 0; 1; 3; 0; 0; 1; 0; 0; 0; 0; 1; 0; 0; 0; 0; 0; 0; 0; 0; 0; 0; 0; 0; 0; 0; 0; 0; 1; 0; 0; 0; 0; 0; 0; 0; 1, 100000, 100000, 100000, 100000, 1, 0.5, 1, 1, 8, 4, 1, 440, 1, 30, 720, 0.5, 0.3, 1, 0.8, 0.001, 0.2, 0.8, 10, 0, 0, 20, 0, 10, 10, 20, 50, 100, 0, 1, 0, 0
250, None, 885.611, 1279.75, 0.664135, 0.763976, 0.95, 10.0, 100000.0, 9855; 80; 1; 0; 0; 0; 0; 0; 0; 0; 0; 0; 0; 0; 0; 0; 0; 0; 0; 0; 0; 0; 0; 0; 0; 0; 0; 0; 0; 0; 0; 0; 0; 0; 0; 0; 0; 0; 0; 0; 0; 0; 0; 0; 0; 0; 0; 0; 0; 0; 0; 0; 0; 0; 0; 0; 0; 0; 0; 0; 0; 0; 0; 0; 0; 0; 0; 0; 0; 0; 0; 0; 0; 0; 0; 0; 0; 0; 0; 0; 0; 0; 0; 0; 0; 0; 0; 0; 0; 0; 0; 0; 0; 0; 0; 0; 0; 0; 0; 64, 13.0, 6401.0, 22; 11; 18; 9; 25; 26; 33; 70; 562; 264; 388; 486; 542; 269; 735; 684; 454; 574; 432; 413; 356; 447; 283; 346; 274; 223; 196; 201; 203; 135; 168; 115; 98; 113; 94; 90; 68; 72; 37; 48; 51; 45; 47; 30; 31; 25; 24; 19; 11; 15; 11; 6; 9; 13; 6; 5; 10; 7; 6; 3; 6; 2; 4; 3; 3; 1; 3; 3; 2; 1; 2; 0; 3; 2; 2; 0; 2; 0; 0; 0; 1; 0; 1; 0; 0; 0; 0; 0; 0; 0; 0; 0; 0; 0; 0; 0; 0; 0; 0; 0; 1, 100000, 100000, 100000, 100000, 1, 0.5, 1, 1, 8, 4, 1, 440, 1, 30, 720, 0.5, 0.3, 1, 0.8, 0.001, 0.2, 0.8, 10, 0, 0, 20, 0, 10, 10, 20, 50, 100, 0, 1, 0, 0
200, None, 3784.31, 1157.19, 0.528489, 0.628471, 0.95, 14.0, 100000.0, 9556; 90; 1; 0; 0; 0; 0; 0; 0; 0; 0; 0; 0; 0; 0; 0; 0; 0; 0; 0; 0; 0; 0; 0; 0; 0; 0; 0; 0; 0; 0; 0; 0; 0; 0; 0; 0; 0; 0; 0; 0; 0; 0; 0; 0; 0; 0; 0; 0; 0; 0; 0; 0; 0; 0; 0; 0; 0; 0; 0; 0; 0; 0; 0; 0; 0; 0; 0; 0; 0; 0; 0; 0; 0; 0; 0; 0; 0; 0; 0; 0; 0; 0; 0; 0; 0; 0; 0; 0; 0; 0; 0; 0; 0; 0; 0; 0; 0; 0; 0; 353, 12.0, 5344.0, 76; 84; 96; 71; 73; 85; 69; 59; 87; 384; 319; 298; 311; 612; 422; 432; 454; 510; 447; 317; 403; 470; 317; 281; 364; 239; 207; 262; 250; 189; 180; 151; 138; 130; 111; 85; 117; 82; 57; 92; 73; 53; 55; 47; 31; 39; 39; 26; 31; 12; 21; 31; 14; 20; 14; 24; 8; 10; 17; 11; 8; 9; 7; 8; 6; 3; 2; 7; 2; 4; 3; 3; 3; 1; 6; 1; 3; 2; 2; 0; 2; 5; 0; 0; 0; 0; 0; 0; 2; 0; 1; 1; 0; 0; 0; 0; 0; 0; 1; 0; 1, 100000, 100000, 100000, 100000, 1, 0.5, 1, 1, 8, 4, 1, 440, 1, 30, 720, 0.5, 0.3, 1, 0.8, 0.001, 0.2, 0.8, 10, 0, 0, 20, 0, 10, 10, 20, 50, 100, 0, 1, 0, 0
150, None, 840.799, 1104.07, 0.0773271, 0.177277, 0.95, 9.0, 100000.0, 9684; 280; 1; 0; 0; 0; 0; 0; 0; 0; 0; 0; 0; 0; 0; 0; 0; 0; 0; 0; 0; 0; 0; 0; 0; 0; 0; 0; 0; 0; 0; 0; 0; 0; 0; 0; 0; 0; 0; 0; 0; 0; 0; 0; 0; 0; 0; 0; 0; 0; 0; 0; 0; 0; 0; 0; 0; 0; 0; 0; 0; 0; 0; 0; 0; 0; 0; 0; 0; 0; 0; 0; 0; 0; 0; 0; 0; 0; 0; 0; 0; 0; 0; 0; 0; 0; 0; 0; 0; 0; 0; 0; 0; 0; 0; 0; 0; 0; 0; 0; 35, 224.0, 3849.0, 17; 19; 13; 26; 58; 67; 103; 106; 289; 173; 300; 272; 244; 334; 239; 380; 335; 255; 282; 299; 525; 417; 269; 339; 325; 388; 368; 301; 258; 234; 258; 249; 206; 190; 224; 185; 124; 145; 120; 110; 93; 91; 83; 74; 69; 64; 61; 46; 49; 28; 32; 28; 26; 27; 17; 22; 18; 13; 11; 5; 12; 11; 16; 5; 10; 5; 4; 5; 8; 4; 1; 0; 4; 0; 0; 1; 1; 2; 1; 0; 2; 0; 0; 1; 0; 0; 0; 1; 1; 0; 0; 1; 0; 0; 0; 0; 0; 0; 0; 0; 1, 100000, 100000, 100000, 100000, 1, 0.5, 1, 1, 8, 4, 1, 440, 1, 30, 720, 0.5, 0.3, 1, 0.8, 0.001, 0.2, 0.8, 10, 0, 0, 20, 0, 10, 10, 20, 50, 100, 0, 1, 0, 0
100, None, 773.628, 1236.02, 0.238123, 0.338029, 0.95, 12.0, 100000.0, 9905; 37; 0; 0; 0; 0; 0; 0; 0; 0; 0; 0; 0; 0; 0; 0; 0; 0; 0; 0; 0; 0; 0; 0; 0; 0; 0; 0; 0; 0; 0; 0; 0; 0; 0; 0; 0; 0; 0; 0; 0; 0; 0; 0; 0; 0; 0; 0; 0; 0; 0; 0; 0; 0; 0; 0; 0; 0; 0; 0; 0; 0; 0; 0; 0; 0; 0; 0; 0; 0; 0; 0; 0; 0; 0; 0; 0; 0; 0; 0; 0; 0; 0; 0; 0; 0; 0; 0; 0; 0; 0; 0; 0; 0; 0; 0; 0; 0; 0; 0; 58, 12.0, 5242.0, 11; 11; 14; 15; 12; 15; 23; 23; 167; 222; 313; 385; 434; 357; 515; 383; 427; 559; 392; 439; 380; 390; 388; 316; 292; 325; 208; 294; 199; 198; 206; 156; 173; 194; 133; 151; 100; 116; 102; 75; 80; 69; 60; 64; 48; 50; 46; 34; 41; 33; 33; 27; 24; 28; 19; 22; 24; 11; 16; 12; 15; 23; 11; 14; 4; 7; 9; 5; 10; 1; 2; 4; 3; 4; 6; 1; 2; 7; 3; 2; 0; 2; 1; 1; 2; 0; 2; 0; 0; 2; 1; 0; 0; 0; 0; 0; 0; 0; 0; 0; 2, 100000, 100000, 100000, 100000, 1, 0.5, 1, 1, 8, 4, 1, 440, 1, 30, 720, 0.5, 0.3, 1, 0.8, 0.001, 0.2, 0.8, 10, 0, 0, 20, 0, 10, 10, 20, 50, 100, 0, 1, 0, 0
75, None, 332.254, 1272.76, 0.137973, 0.237692, 0.95, 10.0, 100000.0, 9980; 5; 0; 0; 0; 0; 0; 0; 0; 0; 0; 0; 0; 0; 0; 0; 0; 0; 0; 0; 0; 0; 0; 0; 0; 0; 0; 0; 0; 0; 0; 0; 0; 0; 0; 0; 0; 0; 0; 0; 0; 0; 0; 0; 0; 0; 0; 0; 0; 0; 0; 0; 0; 0; 0; 0; 0; 0; 0; 0; 0; 0; 0; 0; 0; 0; 0; 0; 0; 0; 0; 0; 0; 0; 0; 0; 0; 0; 0; 0; 0; 0; 0; 0; 0; 0; 0; 0; 0; 0; 0; 0; 0; 0; 0; 0; 0; 0; 0; 15, 314.0, 5779.0, 18; 20; 11; 35; 618; 201; 177; 778; 354; 452; 458; 561; 531; 400; 411; 466; 340; 311; 463; 249; 307; 231; 240; 220; 193; 138; 166; 123; 129; 179; 102; 107; 83; 99; 69; 74; 57; 79; 34; 36; 65; 35; 33; 30; 32; 35; 18; 13; 22; 17; 16; 11; 12; 14; 9; 18; 12; 7; 6; 8; 4; 7; 7; 1; 7; 4; 0; 3; 4; 4; 3; 1; 3; 0; 4; 1; 1; 0; 1; 3; 0; 0; 0; 1; 1; 2; 0; 0; 2; 0; 1; 0; 0; 0; 0; 1; 0; 0; 0; 0; 1, 100000, 100000, 100000, 100000, 1, 0.5, 1, 1, 8, 4, 1, 440, 1, 30, 720, 0.5, 0.3, 1, 0.8, 0.001, 0.2, 0.8, 10, 0, 0, 20, 0, 10, 10, 20, 50, 100, 0, 1, 0, 0
50, None, 838.095, 863.212, 0.0450759, 0.144939, 0.95, 10.0, 100000.0, 9823; 135; 1; 0; 0; 0; 0; 0; 0; 0; 0; 0; 0; 0; 0; 0; 0; 0; 0; 0; 0; 0; 0; 0; 0; 0; 0; 0; 0; 0; 0; 0; 0; 0; 0; 0; 0; 0; 0; 0; 0; 0; 0; 0; 0; 0; 0; 0; 0; 0; 0; 0; 0; 0; 0; 0; 0; 0; 0; 0; 0; 0; 0; 0; 0; 0; 0; 0; 0; 0; 0; 0; 0; 0; 0; 0; 0; 0; 0; 0; 0; 0; 0; 0; 0; 0; 0; 0; 0; 0; 0; 0; 0; 0; 0; 0; 0; 0; 0; 0; 41, 45.0, 4950.0, 3; 0; 0; 17; 48; 47; 77; 88; 102; 132; 413; 2898; 1047; 392; 605; 219; 318; 536; 699; 170; 189; 199; 231; 125; 133; 149; 170; 80; 68; 86; 97; 44; 47; 65; 76; 34; 39; 26; 46; 26; 19; 29; 39; 14; 17; 16; 15; 9; 8; 13; 7; 11; 5; 4; 2; 7; 5; 1; 2; 5; 0; 2; 2; 7; 1; 2; 1; 4; 0; 2; 1; 1; 0; 0; 0; 1; 1; 1; 0; 2; 0; 0; 0; 1; 0; 0; 1; 0; 0; 0; 0; 0; 0; 0; 0; 0; 0; 0; 0; 0; 1, 100000, 100000, 100000, 100000, 1, 0.5, 1, 1, 8, 4, 1, 440, 1, 30, 720, 0.5, 0.3, 1, 0.8, 0.001, 0.2, 0.8, 10, 0, 0, 20, 0, 10, 10, 20, 50, 100, 0, 1, 0, 0
25, None, 643.883, 1124.29, 0.467348, 0.567219, 0.95, 8.0, 100000.0, 9931; 12; 0; 0; 0; 0; 0; 0; 0; 0; 0; 0; 0; 0; 0; 0; 0; 0; 0; 0; 0; 0; 0; 0; 0; 0; 0; 0; 0; 0; 0; 0; 0; 0; 0; 0; 0; 0; 0; 0; 0; 0; 0; 0; 0; 0; 0; 0; 0; 0; 0; 0; 0; 0; 0; 0; 0; 0; 0; 0; 0; 0; 0; 0; 0; 0; 0; 0; 0; 0; 0; 0; 0; 0; 0; 0; 0; 0; 0; 0; 0; 0; 0; 0; 0; 0; 0; 0; 0; 0; 0; 0; 0; 0; 0; 0; 0; 0; 0; 57, 511.0, 5634.0, 1548; 22; 6; 1335; 473; 66; 37; 1425; 114; 94; 300; 934; 48; 96; 347; 615; 15; 160; 307; 330; 23; 127; 118; 284; 29; 76; 121; 134; 35; 53; 80; 103; 21; 27; 57; 65; 12; 17; 39; 42; 12; 31; 22; 28; 4; 11; 16; 23; 4; 13; 18; 4; 4; 5; 13; 9; 3; 2; 12; 0; 1; 1; 7; 1; 2; 2; 1; 1; 2; 1; 0; 1; 1; 0; 1; 0; 0; 1; 2; 0; 1; 3; 0; 0; 0; 0; 0; 0; 0; 0; 0; 0; 1; 0; 0; 0; 0; 0; 0; 0; 1, 100000, 100000, 100000, 100000, 1, 0.5, 1, 1, 8, 4, 1, 440, 1, 30, 720, 0.5, 0.3, 1, 0.8, 0.001, 0.2, 0.8, 10, 0, 0, 20, 0, 10, 10, 20, 50, 100, 0, 1, 0, 0
20, None, 1097.78, 1060.67, 0.166278, 0.265971, 0.95, 9.0, 100000.0, 9845; 65; 0; 0; 0; 0; 0; 0; 0; 0; 0; 0; 0; 0; 0; 0; 0; 0; 0; 0; 0; 0; 0; 0; 0; 0; 0; 0; 0; 0; 0; 0; 0; 0; 0; 0; 0; 0; 0; 0; 0; 0; 0; 0; 0; 0; 0; 0; 0; 0; 0; 0; 0; 0; 0; 0; 0; 0; 0; 0; 0; 0; 0; 0; 0; 0; 0; 0; 0; 0; 0; 0; 0; 0; 0; 0; 0; 0; 0; 0; 0; 0; 0; 0; 0; 0; 0; 0; 0; 0; 0; 0; 0; 0; 0; 0; 0; 0; 0; 90, 492.0, 4521.0, 1544; 107; 38; 15; 406; 872; 475; 197; 208; 344; 583; 364; 256; 279; 348; 315; 277; 209; 323; 230; 213; 191; 199; 200; 146; 146; 120; 120; 148; 111; 78; 90; 85; 77; 68; 61; 47; 53; 60; 37; 38; 33; 25; 26; 22; 23; 20; 17; 16; 13; 20; 8; 12; 9; 10; 8; 4; 1; 5; 9; 5; 3; 5; 4; 6; 2; 4; 3; 2; 3; 0; 0; 0; 0; 1; 0; 0; 0; 0; 0; 1; 0; 0; 1; 0; 0; 0; 0; 0; 0; 0; 0; 0; 0; 0; 0; 0; 0; 0; 0; 1, 100000, 100000, 100000, 100000, 1, 0.5, 1, 1, 8, 4, 1, 440, 1, 30, 720, 0.5, 0.3, 1, 0.8, 0.001, 0.2, 0.8, 10, 0, 0, 20, 0, 10, 10, 20, 50, 100, 0, 1, 0, 0
15, None, 350.64, 1094.78, 0.085612, 0.185254, 0.95, 10.0, 100000.0, 9966; 5; 0; 0; 0; 0; 0; 0; 0; 0; 0; 0; 0; 0; 0; 0; 0; 0; 0; 0; 0; 0; 0; 0; 0; 0; 0; 0; 0; 0; 0; 0; 0; 0; 0; 0; 0; 0; 0; 0; 0; 0; 0; 0; 0; 0; 0; 0; 0; 0; 0; 0; 0; 0; 0; 0; 0; 0; 0; 0; 0; 0; 0; 0; 0; 0; 0; 0; 0; 0; 0; 0; 0; 0; 0; 0; 0; 0; 0; 0; 0; 0; 0; 0; 0; 0; 0; 0; 0; 0; 0; 0; 0; 0; 0; 0; 0; 0; 0; 29, 342.0, 5233.0, 3; 959; 0; 501; 478; 682; 1; 622; 256; 815; 135; 582; 157; 258; 557; 159; 271; 239; 339; 222; 212; 147; 254; 217; 190; 72; 180; 85; 205; 36; 138; 57; 86; 68; 42; 102; 67; 66; 42; 38; 38; 27; 24; 33; 37; 22; 14; 33; 19; 31; 4; 12; 13; 11; 9; 7; 19; 8; 11; 7; 6; 9; 7; 4; 5; 2; 6; 3; 6; 0; 4; 2; 4; 3; 0; 1; 1; 5; 1; 1; 1; 3; 1; 1; 0; 1; 0; 2; 0; 0; 0; 0; 1; 0; 0; 0; 0; 0; 0; 0; 1, 100000, 100000, 100000, 100000, 1, 0.5, 1, 1, 8, 4, 1, 440, 1, 30, 720, 0.5, 0.3, 1, 0.8, 0.001, 0.2, 0.8, 10, 0, 0, 20, 0, 10, 10, 20, 50, 100, 0, 1, 0, 0
10, None, 2098.77, 1096.14, 0.18744, 0.287382, 0.95, 8.0, 100000.0, 9762; 39; 0; 0; 0; 0; 0; 0; 0; 0; 0; 0; 0; 0; 0; 0; 0; 0; 0; 0; 0; 0; 0; 0; 0; 0; 0; 0; 0; 0; 0; 0; 0; 0; 0; 0; 0; 0; 0; 0; 0; 0; 0; 0; 0; 0; 0; 0; 0; 0; 0; 0; 0; 0; 0; 0; 0; 0; 0; 0; 0; 0; 0; 0; 0; 0; 0; 0; 0; 0; 0; 0; 0; 0; 0; 0; 0; 0; 0; 0; 0; 0; 0; 0; 0; 0; 0; 0; 0; 0; 0; 0; 0; 0; 0; 0; 0; 0; 0; 199, 502.0, 5537.0, 1592; 0; 0; 738; 1211; 0; 62; 835; 847; 1; 279; 532; 532; 28; 279; 379; 330; 47; 214; 240; 239; 72; 160; 119; 156; 63; 127; 64; 104; 39; 83; 66; 77; 30; 50; 39; 33; 23; 33; 24; 32; 21; 21; 24; 18; 9; 11; 16; 10; 15; 7; 8; 7; 4; 5; 5; 4; 6; 7; 2; 4; 3; 2; 1; 1; 1; 0; 0; 2; 0; 0; 1; 1; 0; 0; 0; 1; 0; 1; 0; 0; 0; 0; 0; 0; 0; 0; 0; 0; 0; 0; 0; 0; 0; 2; 0; 0; 0; 0; 0; 1, 100000, 100000, 100000, 100000, 1, 0.5, 1, 1, 8, 4, 1, 440, 1, 30, 720, 0.5, 0.3, 1, 0.8, 0.001, 0.2, 0.8, 10, 0, 0, 20, 0, 10, 10, 20, 50, 100, 0, 1, 0, 0
7, None, None, None, None, None, None, None, None, None, None, None, None, 100000, 100000, 100000, 100000, 1, 0.5, 1, 1, 8, 4, 1, 440, 1, 30, 720, 0.5, 0.3, 1, 0.8, 0.001, 0.2, 0.8, 10, 0, 0, 20, 0, 10, 10, 20, 50, 100, 0, 1, 0, 0
None, 10000, 21.1017, 1120.75, 0.901855, 1.0, 0.95, 8.0, 720.0, 3253; 2952; 1809; 953; 417; 248; 148; 105; 47; 27; 17; 9; 4; 2; 2; 0; 0; 1; 0; 0; 0; 0; 0; 0; 0; 0; 0; 0; 0; 0; 0; 0; 0; 0; 0; 0; 0; 0; 0; 0; 0; 0; 0; 0; 0; 0; 0; 0; 0; 0; 0; 0; 0; 0; 0; 0; 0; 0; 0; 0; 4; 0; 0; 0; 0; 0; 0; 0; 0; 0; 0; 0; 0; 0; 0; 0; 0; 0; 0; 0; 0; 0; 0; 0; 0; 0; 0; 0; 0; 0; 0; 0; 0; 0; 0; 0; 0; 0; 0; 0; 2, 412.0, 6041.0, 2; 1528; 0; 1050; 4; 737; 0; 737; 856; 2; 550; 442; 384; 226; 593; 186; 6; 244; 520; 7; 4; 399; 156; 4; 181; 187; 3; 63; 182; 48; 11; 75; 115; 4; 22; 54; 62; 3; 28; 71; 1; 3; 47; 25; 4; 17; 24; 12; 1; 21; 18; 2; 3; 15; 3; 1; 6; 6; 5; 3; 5; 4; 2; 2; 2; 3; 2; 0; 3; 0; 2; 2; 1; 0; 1; 2; 1; 0; 0; 0; 0; 1; 0; 0; 0; 1; 0; 0; 1; 0; 0; 0; 0; 0; 1; 0; 0; 0; 0; 0; 1, 100000, 100000, 100000, 100000, 1, 0.5, 1, 1, 8, 4, 1, 440, 1, 30, 720, 0.5, 0.3, 1, 0.8, 0.001, 0.2, 0.8, 10, 0, 0, 20, 0, 10, 10, 20, 50, 100, 0, 1, 0, 0
None, 4000, 20.8294, 1098.93, 0.901855, 1.0, 0.95, 8.0, 448.0, 2969; 2171; 1141; 1445; 295; 825; 147; 423; 64; 239; 99; 36; 60; 7; 28; 9; 13; 7; 6; 2; 4; 1; 0; 1; 0; 1; 0; 0; 0; 0; 0; 0; 0; 0; 0; 0; 0; 0; 1; 0; 0; 0; 0; 0; 0; 0; 0; 0; 0; 0; 0; 0; 0; 0; 0; 0; 0; 0; 0; 0; 0; 0; 0; 0; 0; 0; 0; 0; 0; 0; 0; 0; 0; 0; 0; 0; 0; 0; 0; 0; 0; 0; 0; 0; 0; 0; 0; 0; 0; 0; 0; 0; 0; 0; 0; 0; 0; 0; 5; 1; 0, 402.0, 6449.0, 1; 1546; 0; 1003; 754; 7; 733; 719; 218; 0; 991; 370; 251; 597; 170; 3; 266; 451; 7; 216; 343; 5; 98; 292; 1; 38; 138; 96; 21; 82; 119; 15; 33; 82; 6; 25; 40; 27; 11; 30; 38; 3; 17; 24; 6; 10; 17; 9; 2; 8; 10; 8; 1; 7; 3; 1; 6; 2; 0; 3; 2; 0; 2; 4; 0; 1; 3; 1; 0; 1; 0; 0; 1; 0; 0; 1; 0; 0; 1; 0; 0; 0; 1; 0; 0; 1; 0; 0; 0; 0; 0; 0; 0; 0; 0; 0; 0; 0; 0; 0; 1, 100000, 100000, 100000, 100000, 1, 0.5, 1, 1, 8, 4, 1, 440, 1, 30, 720, 0.5, 0.3, 1, 0.8, 0.001, 0.2, 0.8, 10, 0, 0, 20, 0, 10, 10, 20, 50, 100, 0, 1, 0, 0
None, 2000, 21.1456, 1163.69, 0.829024, 0.928777, 0.95, 8.0, 108.0, 1511; 521; 558; 0; 0; 358; 364; 0; 1622; 299; 342; 110; 34; 192; 250; 56; 1076; 148; 172; 66; 44; 115; 130; 41; 592; 66; 98; 35; 26; 61; 63; 20; 317; 37; 50; 12; 16; 37; 28; 9; 155; 27; 26; 9; 5; 15; 16; 11; 76; 6; 13; 5; 5; 10; 13; 2; 35; 1; 6; 1; 1; 8; 7; 1; 21; 3; 2; 0; 3; 3; 0; 0; 14; 3; 2; 0; 1; 1; 0; 2; 6; 0; 1; 0; 0; 1; 0; 0; 2; 0; 0; 0; 0; 2; 0; 0; 2; 0; 0; 0; 1, 181.0, 5331.0, 1; 0; 0; 0; 0; 0; 1502; 0; 0; 14; 1713; 0; 0; 926; 719; 0; 195; 600; 550; 1; 216; 794; 4; 15; 185; 577; 5; 54; 190; 335; 12; 29; 162; 207; 10; 52; 78; 164; 16; 34; 104; 68; 9; 46; 58; 34; 10; 32; 35; 33; 6; 14; 14; 22; 3; 9; 14; 13; 2; 3; 29; 3; 4; 10; 12; 0; 6; 3; 9; 1; 2; 3; 4; 0; 1; 1; 5; 1; 1; 1; 2; 0; 1; 1; 0; 1; 0; 2; 1; 0; 1; 1; 2; 0; 0; 1; 1; 0; 0; 0; 1, 100000, 100000, 100000, 100000, 1, 0.5, 1, 1, 8, 4, 1, 440, 1, 30, 720, 0.5, 0.3, 1, 0.8, 0.001, 0.2, 0.8, 10, 0, 0, 20, 0, 10, 10, 20, 50, 100, 0, 1, 0, 0
None, 1900, 33.2453, 1162.21, 0.863085, 0.962497, 0.95, 10.0, 1325.0, 6241; 2471; 574; 345; 70; 29; 16; 3; 2; 3; 1; 2; 1; 2; 4; 1; 4; 2; 1; 0; 1; 1; 3; 2; 2; 3; 1; 1; 0; 1; 1; 1; 112; 24; 0; 17; 0; 4; 5; 0; 3; 0; 0; 5; 0; 1; 0; 0; 2; 1; 0; 1; 0; 1; 24; 2; 0; 0; 0; 0; 0; 0; 0; 0; 0; 0; 5; 0; 0; 0; 0; 0; 0; 0; 1; 0; 0; 0; 0; 0; 0; 0; 0; 0; 0; 0; 0; 1; 0; 0; 1; 0; 0; 0; 0; 0; 0; 0; 0; 0; 1, 511.0, 5654.0, 1489; 0; 0; 1821; 0; 0; 6; 1550; 0; 0; 503; 867; 0; 94; 301; 620; 2; 131; 400; 261; 27; 157; 238; 176; 47; 99; 97; 135; 32; 52; 56; 164; 22; 32; 47; 83; 35; 29; 30; 58; 28; 14; 22; 46; 11; 10; 12; 35; 14; 10; 14; 23; 12; 3; 4; 9; 4; 2; 4; 8; 10; 4; 2; 10; 3; 2; 4; 0; 1; 2; 1; 2; 1; 0; 0; 4; 0; 0; 1; 0; 0; 1; 1; 1; 0; 0; 1; 1; 0; 1; 0; 0; 0; 0; 0; 0; 0; 0; 0; 0; 1, 100000, 100000, 100000, 100000, 1, 0.5, 1, 1, 8, 4, 1, 440, 1, 30, 720, 0.5, 0.3, 1, 0.8, 0.001, 0.2, 0.8, 10, 0, 0, 20, 0, 10, 10, 20, 50, 100, 0, 1, 0, 0
None, 1800, 30.5304, 1103.37, 0.83827, 0.938061, 0.95, 13.0, 145.0, 1484; 0; 0; 1029; 0; 0; 1551; 0; 0; 1010; 0; 0; 1074; 0; 0; 787; 0; 0; 702; 0; 0; 525; 0; 0; 425; 0; 0; 319; 0; 0; 257; 0; 0; 196; 0; 0; 170; 0; 0; 99; 0; 0; 88; 0; 0; 82; 0; 0; 45; 0; 0; 56; 0; 0; 26; 0; 0; 25; 0; 0; 15; 0; 0; 11; 0; 0; 5; 0; 0; 3; 0; 0; 7; 0; 0; 0; 0; 0; 2; 0; 0; 0; 0; 0; 1; 0; 0; 1; 0; 0; 0; 0; 0; 2; 0; 0; 2; 0; 0; 0; 1, 470.0, 5810.0, 1504; 0; 0; 1766; 0; 0; 973; 692; 0; 170; 685; 543; 99; 299; 596; 49; 76; 251; 401; 49; 116; 179; 191; 47; 49; 154; 140; 52; 78; 162; 26; 13; 63; 125; 9; 32; 61; 45; 10; 8; 39; 31; 5; 22; 22; 7; 7; 20; 15; 2; 7; 14; 10; 6; 2; 5; 11; 2; 3; 13; 2; 5; 2; 5; 2; 3; 5; 1; 0; 0; 2; 1; 1; 0; 5; 0; 1; 1; 2; 1; 0; 2; 1; 0; 0; 0; 0; 0; 0; 0; 0; 0; 1; 0; 0; 0; 0; 0; 0; 0; 1, 100000, 100000, 100000, 100000, 1, 0.5, 1, 1, 8, 4, 1, 440, 1, 30, 720, 0.5, 0.3, 1, 0.8, 0.001, 0.2, 0.8, 10, 0, 0, 20, 0, 10, 10, 20, 50, 100, 0, 1, 0, 0
None, 1700, 52.5559, 1152.26, 0.793113, 0.892949, 0.95, 8.0, 100028.0, 9998; 0; 0; 0; 0; 0; 0; 0; 0; 0; 0; 0; 0; 0; 0; 0; 0; 0; 0; 0; 0; 0; 0; 0; 0; 0; 0; 0; 0; 0; 0; 0; 0; 0; 0; 0; 0; 0; 0; 0; 0; 0; 0; 0; 0; 0; 0; 0; 0; 0; 0; 0; 0; 0; 0; 0; 0; 0; 0; 0; 0; 0; 0; 0; 0; 0; 0; 0; 0; 0; 0; 0; 0; 0; 0; 0; 0; 0; 0; 0; 0; 0; 0; 0; 0; 0; 0; 0; 0; 0; 0; 0; 0; 0; 0; 0; 0; 0; 1; 0; 1, 312.0, 5806.0, 3; 0; 0; 1532; 1; 0; 389; 1381; 1; 6; 908; 738; 0; 490; 873; 0; 100; 590; 359; 13; 201; 496; 94; 54; 111; 342; 12; 58; 117; 210; 21; 76; 134; 68; 26; 45; 108; 8; 24; 47; 83; 10; 22; 30; 23; 8; 8; 34; 7; 9; 10; 23; 1; 4; 6; 15; 1; 9; 9; 7; 0; 5; 7; 1; 0; 4; 5; 1; 3; 4; 0; 2; 0; 2; 0; 1; 0; 2; 0; 0; 3; 0; 0; 0; 0; 0; 0; 1; 1; 0; 1; 0; 0; 0; 0; 0; 0; 0; 0; 1; 1, 100000, 100000, 100000, 100000, 1, 0.5, 1, 1, 8, 4, 1, 440, 1, 30, 720, 0.5, 0.3, 1, 0.8, 0.001, 0.2, 0.8, 10, 0, 0, 20, 0, 10, 10, 20, 50, 100, 0, 1, 0, 0
None, 1600, 30.8693, 1173.43, 0.738116, 0.837857, 0.95, 13.0, 1160.0, 3977; 2862; 1983; 675; 313; 111; 35; 15; 8; 4; 1; 0; 0; 0; 0; 0; 0; 0; 0; 0; 0; 0; 0; 0; 0; 0; 0; 0; 0; 0; 0; 0; 0; 0; 0; 0; 0; 3; 6; 4; 0; 0; 0; 0; 0; 0; 0; 0; 0; 0; 0; 0; 0; 0; 0; 0; 0; 0; 0; 0; 0; 2; 0; 0; 0; 0; 0; 0; 0; 0; 0; 0; 0; 0; 0; 0; 0; 0; 0; 0; 0; 0; 0; 0; 0; 0; 0; 0; 0; 0; 0; 0; 0; 0; 0; 0; 0; 0; 0; 0; 1, 511.0, 6088.0, 1497; 0; 0; 1814; 0; 0; 414; 1261; 0; 187; 609; 529; 96; 306; 617; 26; 151; 270; 302; 83; 146; 160; 186; 50; 94; 215; 16; 57; 134; 88; 32; 61; 58; 54; 28; 29; 76; 10; 7; 49; 37; 0; 17; 39; 13; 8; 19; 16; 3; 8; 26; 10; 2; 10; 6; 10; 5; 3; 12; 2; 5; 5; 2; 0; 2; 4; 5; 0; 1; 0; 0; 1; 0; 4; 0; 0; 3; 0; 1; 0; 2; 0; 1; 0; 0; 0; 1; 2; 0; 0; 0; 0; 0; 1; 0; 0; 0; 0; 1; 0; 1, 100000, 100000, 100000, 100000, 1, 0.5, 1, 1, 8, 4, 1, 440, 1, 30, 720, 0.5, 0.3, 1, 0.8, 0.001, 0.2, 0.8, 10, 0, 0, 20, 0, 10, 10, 20, 50, 100, 0, 1, 0, 0
None, 1500, 20.468, 1150.56, 0.752613, 0.852603, 0.95, 8.0, 456.0, 3310; 2324; 660; 1440; 296; 807; 185; 396; 264; 61; 109; 20; 57; 11; 20; 2; 21; 5; 2; 1; 0; 2; 0; 0; 2; 0; 0; 0; 0; 0; 0; 0; 0; 1; 0; 0; 0; 0; 0; 0; 0; 0; 0; 0; 0; 0; 0; 0; 0; 0; 0; 0; 0; 0; 0; 0; 0; 0; 0; 0; 0; 0; 0; 0; 0; 0; 0; 0; 0; 0; 0; 0; 0; 0; 0; 0; 0; 0; 0; 0; 0; 0; 0; 0; 0; 0; 0; 0; 0; 0; 0; 0; 0; 0; 0; 0; 3; 0; 0; 1; 0, 512.0, 6196.0, 1525; 0; 5; 1800; 0; 1; 902; 726; 1; 440; 879; 0; 219; 435; 384; 64; 253; 429; 28; 131; 219; 198; 85; 101; 232; 28; 71; 89; 112; 40; 49; 101; 21; 14; 55; 45; 11; 25; 48; 6; 15; 18; 25; 10; 3; 22; 16; 10; 7; 30; 3; 0; 9; 4; 2; 3; 13; 4; 0; 7; 6; 0; 3; 6; 1; 0; 0; 2; 0; 0; 1; 1; 0; 0; 2; 0; 0; 1; 0; 0; 0; 0; 1; 0; 1; 0; 0; 0; 0; 0; 0; 0; 0; 0; 0; 0; 0; 0; 0; 1; 1, 100000, 100000, 100000, 100000, 1, 0.5, 1, 1, 8, 4, 1, 440, 1, 30, 720, 0.5, 0.3, 1, 0.8, 0.001, 0.2, 0.8, 10, 0, 0, 20, 0, 10, 10, 20, 50, 100, 0, 1, 0, 0
None, 1400, 47.3756, 1063.8, 0.673247, 0.773198, 0.95, 8.0, 100017.0, 9997; 2; 0; 0; 0; 0; 0; 0; 0; 0; 0; 0; 0; 0; 0; 0; 0; 0; 0; 0; 0; 0; 0; 0; 0; 0; 0; 0; 0; 0; 0; 0; 0; 0; 0; 0; 0; 0; 0; 0; 0; 0; 0; 0; 0; 0; 0; 0; 0; 0; 0; 0; 0; 0; 0; 0; 0; 0; 0; 0; 0; 0; 0; 0; 0; 0; 0; 0; 0; 0; 0; 0; 0; 0; 0; 0; 0; 0; 0; 0; 0; 0; 0; 0; 0; 0; 0; 0; 0; 0; 0; 0; 0; 0; 0; 0; 0; 0; 0; 0; 1, 203.0, 6790.0, 1; 1; 2; 1528; 21; 752; 1019; 23; 340; 1172; 33; 473; 901; 15; 383; 659; 64; 280; 383; 55; 212; 307; 68; 148; 151; 36; 136; 92; 40; 103; 83; 39; 83; 40; 38; 43; 31; 25; 29; 19; 28; 21; 12; 9; 14; 11; 12; 4; 2; 6; 8; 7; 2; 6; 2; 2; 5; 2; 1; 4; 0; 3; 3; 1; 0; 1; 1; 0; 1; 0; 0; 0; 2; 0; 0; 0; 0; 0; 0; 0; 0; 0; 0; 0; 0; 0; 0; 0; 0; 0; 0; 0; 0; 1; 0; 0; 0; 0; 0; 0; 1, 100000, 100000, 100000, 100000, 1, 0.5, 1, 1, 8, 4, 1, 440, 1, 30, 720, 0.5, 0.3, 1, 0.8, 0.001, 0.2, 0.8, 10, 0, 0, 20, 0, 10, 10, 20, 50, 100, 0, 1, 0, 0
None, 1300, 26.7195, 1136.05, 0.608134, 0.70793, 0.95, 9.0, 880.0, 5358; 2410; 1111; 484; 240; 138; 69; 36; 16; 7; 2; 1; 2; 0; 0; 0; 0; 0; 0; 1; 0; 0; 0; 0; 0; 0; 0; 0; 0; 0; 0; 1; 0; 1; 0; 1; 1; 1; 0; 0; 0; 1; 0; 0; 1; 0; 1; 0; 0; 103; 0; 0; 0; 0; 0; 0; 0; 0; 0; 0; 0; 0; 0; 0; 0; 0; 0; 0; 0; 0; 0; 0; 0; 0; 0; 0; 0; 0; 0; 0; 0; 12; 0; 0; 0; 0; 0; 0; 0; 0; 0; 0; 0; 0; 0; 0; 0; 0; 0; 2; 0, 301.0, 5998.0, 1; 0; 0; 1518; 1; 0; 715; 1066; 0; 408; 1318; 0; 191; 596; 505; 100; 329; 634; 48; 179; 296; 260; 79; 142; 321; 36; 72; 151; 143; 34; 68; 121; 26; 38; 69; 78; 22; 46; 51; 41; 23; 30; 52; 7; 8; 21; 19; 11; 6; 25; 8; 4; 12; 11; 1; 7; 7; 7; 0; 3; 5; 0; 1; 6; 3; 0; 2; 5; 0; 0; 2; 0; 1; 0; 1; 0; 0; 1; 3; 0; 0; 0; 1; 0; 0; 0; 1; 0; 1; 0; 1; 0; 0; 0; 0; 0; 0; 0; 0; 0; 1, 100000, 100000, 100000, 100000, 1, 0.5, 1, 1, 8, 4, 1, 440, 1, 30, 720, 0.5, 0.3, 1, 0.8, 0.001, 0.2, 0.8, 10, 0, 0, 20, 0, 10, 10, 20, 50, 100, 0, 1, 0, 0
None, 1200, 32.4472, 1082.96, 0.656554, 0.756396, 0.95, 9.0, 1440.0, 4042; 3344; 1572; 664; 201; 79; 38; 8; 3; 1; 0; 1; 0; 0; 0; 0; 0; 0; 0; 0; 0; 0; 0; 0; 0; 0; 0; 0; 0; 0; 31; 0; 3; 0; 0; 0; 0; 0; 0; 0; 0; 0; 0; 0; 0; 0; 0; 0; 0; 11; 0; 1; 0; 0; 0; 0; 0; 0; 0; 0; 0; 0; 0; 0; 0; 0; 0; 0; 0; 0; 0; 0; 0; 0; 0; 0; 0; 0; 0; 0; 0; 0; 0; 0; 0; 0; 0; 0; 0; 0; 0; 0; 0; 0; 0; 0; 0; 0; 0; 0; 1, 413.0, 5552.0, 1528; 7; 5; 747; 1053; 21; 3; 864; 773; 20; 153; 533; 528; 62; 179; 382; 398; 123; 121; 277; 230; 117; 100; 185; 181; 91; 76; 147; 112; 73; 34; 98; 81; 41; 30; 69; 67; 34; 16; 39; 46; 22; 14; 25; 36; 15; 13; 27; 33; 15; 6; 12; 14; 6; 5; 6; 14; 2; 8; 2; 10; 4; 3; 6; 7; 2; 1; 8; 1; 1; 5; 1; 7; 3; 2; 1; 1; 1; 0; 1; 3; 1; 1; 1; 2; 1; 0; 0; 2; 0; 0; 0; 0; 2; 0; 1; 0; 0; 0; 1; 1, 100000, 100000, 100000, 100000, 1, 0.5, 1, 1, 8, 4, 1, 440, 1, 30, 720, 0.5, 0.3, 1, 0.8, 0.001, 0.2, 0.8, 10, 0, 0, 20, 0, 10, 10, 20, 50, 100, 0, 1, 0, 0
None, 1100, 27.8171, 1169.24, 0.531061, 0.630962, 0.95, 8.0, 721.0, 2038; 2479; 1996; 1433; 615; 690; 353; 188; 89; 31; 29; 11; 14; 2; 3; 2; 0; 1; 0; 1; 0; 0; 0; 0; 0; 0; 0; 0; 0; 0; 0; 0; 0; 0; 0; 0; 0; 0; 0; 0; 0; 0; 0; 0; 0; 0; 0; 0; 0; 0; 0; 0; 0; 0; 0; 0; 0; 0; 0; 0; 21; 0; 1; 0; 1; 0; 0; 0; 0; 0; 0; 0; 0; 0; 0; 0; 0; 0; 0; 0; 0; 0; 0; 0; 0; 0; 0; 0; 0; 0; 0; 0; 0; 0; 0; 0; 0; 0; 0; 0; 2, 511.0, 5952.0, 1453; 0; 0; 1783; 0; 0; 399; 1260; 0; 163; 637; 462; 88; 138; 810; 31; 79; 248; 488; 55; 81; 141; 315; 44; 90; 142; 152; 45; 39; 200; 7; 25; 58; 113; 10; 20; 35; 64; 9; 22; 68; 10; 11; 14; 38; 1; 4; 13; 29; 4; 4; 12; 8; 2; 6; 16; 1; 1; 7; 11; 0; 1; 2; 3; 1; 1; 7; 0; 0; 3; 3; 0; 0; 2; 1; 0; 1; 2; 0; 0; 0; 2; 0; 1; 0; 1; 0; 0; 0; 0; 0; 0; 1; 0; 0; 0; 0; 0; 1; 0; 1, 100000, 100000, 100000, 100000, 1, 0.5, 1, 1, 8, 4, 1, 440, 1, 30, 720, 0.5, 0.3, 1, 0.8, 0.001, 0.2, 0.8, 10, 0, 0, 20, 0, 10, 10, 20, 50, 100, 0, 1, 0, 0
None, 900, 300.314, 1081.79, 0.359461, 0.459419, 0.95, 9.0, 100009.0, 9967; 23; 0; 0; 0; 0; 0; 0; 0; 0; 0; 0; 0; 0; 0; 0; 0; 0; 0; 0; 0; 0; 0; 0; 0; 0; 0; 0; 0; 0; 0; 0; 0; 0; 0; 0; 0; 0; 0; 0; 0; 0; 0; 0; 0; 0; 0; 0; 0; 0; 0; 0; 0; 0; 0; 0; 0; 0; 0; 0; 0; 0; 0; 0; 0; 0; 0; 0; 0; 0; 0; 0; 0; 0; 0; 0; 0; 0; 0; 0; 0; 0; 0; 0; 0; 0; 0; 0; 0; 0; 0; 0; 0; 0; 0; 0; 0; 0; 2; 7; 1, 321.0, 4543.0, 3; 107; 91; 68; 1530; 104; 88; 65; 776; 238; 339; 188; 141; 551; 442; 321; 224; 382; 309; 370; 247; 289; 235; 273; 209; 210; 191; 211; 162; 189; 145; 127; 123; 129; 88; 70; 68; 74; 59; 58; 53; 49; 41; 34; 23; 39; 27; 27; 16; 18; 23; 13; 20; 10; 15; 10; 9; 9; 6; 4; 7; 4; 4; 5; 4; 6; 3; 4; 0; 2; 2; 0; 5; 1; 0; 0; 0; 2; 0; 3; 1; 0; 0; 1; 0; 0; 0; 0; 1; 0; 0; 0; 0; 1; 0; 1; 0; 0; 2; 0; 1, 100000, 100000, 100000, 100000, 1, 0.5, 1, 1, 8, 4, 1, 440, 1, 30, 720, 0.5, 0.3, 1, 0.8, 0.001, 0.2, 0.8, 10, 0, 0, 20, 0, 10, 10, 20, 50, 100, 0, 1, 0, 0
None, 800, 30.4488, 1143.05, 0.335776, 0.435658, 0.95, 9.0, 1444.0, 6225; 2759; 539; 204; 45; 13; 6; 2; 0; 2; 0; 1; 1; 1; 0; 1; 0; 0; 1; 0; 1; 1; 0; 0; 0; 0; 1; 0; 0; 0; 167; 2; 0; 0; 0; 0; 0; 0; 0; 0; 0; 0; 0; 0; 0; 0; 0; 0; 1; 22; 3; 0; 0; 0; 0; 0; 0; 0; 0; 0; 0; 0; 0; 0; 0; 0; 0; 0; 0; 0; 0; 0; 0; 0; 0; 0; 0; 0; 0; 0; 0; 0; 0; 0; 0; 0; 0; 0; 0; 0; 0; 1; 0; 0; 0; 0; 0; 0; 0; 0; 1, 511.0, 5312.0, 1522; 0; 0; 750; 1055; 0; 0; 860; 737; 0; 217; 609; 583; 1; 213; 168; 614; 15; 70; 244; 414; 23; 52; 181; 140; 218; 31; 74; 138; 152; 24; 52; 73; 118; 12; 39; 51; 88; 10; 15; 55; 64; 10; 13; 20; 26; 41; 5; 7; 27; 23; 6; 10; 18; 20; 6; 5; 9; 18; 0; 2; 5; 12; 3; 1; 2; 3; 2; 0; 0; 2; 3; 2; 0; 3; 3; 1; 0; 1; 2; 0; 0; 3; 1; 0; 0; 0; 0; 1; 0; 0; 1; 0; 0; 0; 0; 0; 0; 0; 0; 1, 100000, 100000, 100000, 100000, 1, 0.5, 1, 1, 8, 4, 1, 440, 1, 30, 720, 0.5, 0.3, 1, 0.8, 0.001, 0.2, 0.8, 10, 0, 0, 20, 0, 10, 10, 20, 50, 100, 0, 1, 0, 0
None, 700, 31.1856, 1137.81, 0.260921, 0.360877, 0.95, 8.0, 1160.0, 5019; 2447; 1468; 540; 185; 92; 35; 8; 9; 4; 1; 0; 0; 0; 0; 0; 0; 0; 0; 0; 0; 0; 0; 0; 0; 0; 0; 0; 0; 0; 0; 0; 0; 0; 0; 0; 0; 3; 152; 4; 0; 3; 0; 0; 0; 0; 0; 0; 0; 0; 0; 0; 0; 0; 0; 0; 0; 0; 0; 0; 0; 25; 2; 0; 0; 0; 0; 0; 0; 0; 0; 0; 0; 0; 0; 0; 2; 0; 0; 0; 0; 0; 0; 0; 0; 0; 0; 0; 0; 0; 0; 0; 0; 0; 0; 0; 0; 0; 0; 0; 1, 493.0, 5000.0, 1486; 0; 0; 187; 1621; 0; 0; 329; 940; 402; 0; 169; 274; 890; 1; 73; 144; 435; 341; 38; 71; 162; 531; 27; 63; 109; 137; 282; 36; 43; 52; 219; 112; 24; 44; 61; 127; 10; 30; 16; 79; 59; 9; 21; 27; 66; 3; 17; 11; 31; 22; 6; 7; 8; 25; 2; 5; 5; 14; 8; 1; 3; 4; 17; 4; 2; 3; 9; 12; 1; 0; 0; 3; 3; 0; 2; 3; 6; 0; 1; 0; 4; 2; 0; 2; 0; 0; 0; 0; 2; 1; 2; 0; 0; 0; 1; 0; 0; 0; 0; 1, 100000, 100000, 100000, 100000, 1, 0.5, 1, 1, 8, 4, 1, 440, 1, 30, 720, 0.5, 0.3, 1, 0.8, 0.001, 0.2, 0.8, 10, 0, 0, 20, 0, 10, 10, 20, 50, 100, 0, 1, 0, 0
None, 600, 172.399, 1092.48, 0.197582, 0.297564, 0.95, 8.0, 100008.0, 9981; 7; 0; 0; 0; 0; 0; 0; 0; 0; 0; 0; 0; 0; 0; 0; 0; 0; 0; 0; 0; 0; 0; 0; 0; 0; 0; 0; 0; 0; 0; 0; 0; 0; 0; 0; 0; 0; 0; 0; 0; 0; 0; 0; 0; 0; 0; 0; 0; 0; 0; 0; 0; 0; 0; 0; 0; 0; 0; 0; 0; 0; 0; 0; 0; 0; 0; 0; 0; 0; 0; 0; 0; 0; 0; 0; 0; 0; 0; 0; 0; 0; 0; 0; 0; 0; 0; 0; 0; 0; 0; 0; 0; 0; 0; 0; 0; 0; 0; 11; 1, 184.0, 6052.0, 1; 0; 6; 677; 29; 818; 349; 453; 390; 810; 553; 209; 744; 330; 362; 699; 126; 267; 328; 407; 87; 160; 484; 57; 78; 212; 217; 92; 69; 169; 47; 56; 80; 99; 26; 53; 89; 16; 18; 73; 9; 11; 29; 40; 4; 19; 40; 5; 3; 12; 22; 5; 4; 15; 3; 0; 2; 3; 3; 5; 3; 1; 2; 2; 0; 1; 3; 3; 2; 0; 3; 1; 0; 0; 1; 0; 0; 0; 0; 0; 0; 0; 0; 0; 1; 0; 0; 1; 0; 0; 0; 1; 0; 0; 0; 0; 0; 0; 0; 0; 1, 100000, 100000, 100000, 100000, 1, 0.5, 1, 1, 8, 4, 1, 440, 1, 30, 720, 0.5, 0.3, 1, 0.8, 0.001, 0.2, 0.8, 10, 0, 0, 20, 0, 10, 10, 20, 50, 100, 0, 1, 0, 0
None, 500, 314.013, 1153.51, 0.0, 0.0981446, 0.95, 12.0, 200008.0, 9975; 0; 0; 0; 0; 0; 0; 0; 0; 0; 0; 0; 0; 0; 0; 0; 0; 0; 0; 0; 0; 0; 0; 0; 0; 0; 0; 0; 0; 0; 0; 0; 0; 0; 0; 0; 0; 0; 0; 0; 0; 0; 0; 0; 0; 0; 0; 0; 4; 15; 4; 0; 0; 0; 0; 0; 0; 0; 0; 0; 0; 0; 0; 0; 0; 0; 0; 0; 0; 0; 0; 0; 0; 0; 0; 0; 0; 0; 0; 0; 0; 0; 0; 0; 0; 0; 0; 0; 0; 0; 0; 0; 0; 0; 0; 0; 0; 0; 0; 1; 1, 333.0, 6647.0, 28; 1; 1333; 113; 0; 744; 1021; 0; 918; 724; 36; 628; 708; 97; 324; 644; 62; 197; 401; 135; 97; 335; 119; 58; 199; 153; 32; 75; 155; 26; 64; 108; 35; 31; 91; 29; 14; 43; 21; 13; 38; 23; 6; 12; 23; 0; 7; 23; 0; 3; 7; 9; 1; 11; 4; 1; 4; 1; 0; 1; 3; 0; 1; 3; 0; 2; 1; 0; 0; 1; 0; 1; 0; 1; 0; 0; 0; 0; 0; 0; 0; 0; 0; 0; 0; 0; 0; 0; 0; 0; 0; 0; 0; 0; 0; 0; 0; 0; 0; 0; 1, 100000, 100000, 100000, 100000, 1, 0.5, 1, 1, 8, 4, 1, 440, 1, 30, 720, 0.5, 0.3, 1, 0.8, 0.001, 0.2, 0.8, 10, 0, 0, 20, 0, 10, 10, 20, 50, 100, 0, 1, 0, 0
None, 450, 35.4064, 1102.52, 0.136102, 0.236078, 0.95, 8.0, 98810.0, 9997; 2; 0; 0; 0; 0; 0; 0; 0; 0; 0; 0; 0; 0; 0; 0; 0; 0; 0; 0; 0; 0; 0; 0; 0; 0; 0; 0; 0; 0; 0; 0; 0; 0; 0; 0; 0; 0; 0; 0; 0; 0; 0; 0; 0; 0; 0; 0; 0; 0; 0; 0; 0; 0; 0; 0; 0; 0; 0; 0; 0; 0; 0; 0; 0; 0; 0; 0; 0; 0; 0; 0; 0; 0; 0; 0; 0; 0; 0; 0; 0; 0; 0; 0; 0; 0; 0; 0; 0; 0; 0; 0; 0; 0; 0; 0; 0; 0; 0; 0; 1, 410.0, 7000.0, 1562; 0; 718; 987; 0; 631; 0; 1157; 150; 158; 1013; 16; 265; 707; 50; 261; 428; 55; 169; 320; 57; 111; 206; 37; 85; 166; 22; 87; 113; 12; 48; 71; 13; 37; 63; 6; 9; 47; 5; 6; 46; 6; 10; 17; 15; 2; 4; 6; 4; 4; 3; 1; 4; 3; 3; 3; 2; 1; 2; 2; 1; 2; 3; 1; 0; 0; 0; 3; 1; 0; 1; 0; 0; 0; 0; 0; 0; 0; 0; 0; 0; 0; 0; 1; 0; 0; 0; 0; 0; 0; 0; 0; 0; 0; 0; 0; 0; 0; 0; 1; 0, 100000, 100000, 100000, 100000, 1, 0.5, 1, 1, 8, 4, 1, 440, 1, 30, 720, 0.5, 0.3, 1, 0.8, 0.001, 0.2, 0.8, 10, 0, 0, 20, 0, 10, 10, 20, 50, 100, 0, 1, 0, 0
None, 400, 140.298, 1108.09, 0.0, 0.0981446, 0.95, 8.0, 100456.0, 9984; 6; 0; 0; 0; 0; 0; 0; 0; 0; 0; 0; 0; 0; 0; 0; 0; 0; 0; 0; 0; 0; 0; 0; 0; 0; 0; 0; 0; 0; 0; 0; 0; 0; 0; 0; 0; 0; 0; 0; 0; 0; 0; 0; 0; 0; 0; 0; 0; 0; 0; 0; 0; 0; 0; 0; 0; 0; 0; 0; 0; 0; 0; 0; 0; 0; 0; 0; 0; 0; 0; 0; 0; 0; 0; 0; 0; 0; 0; 0; 0; 0; 0; 0; 0; 0; 0; 0; 0; 0; 0; 0; 0; 0; 0; 0; 0; 0; 3; 6; 1, 410.0, 5416.0, 1505; 3; 14; 560; 44; 522; 797; 82; 248; 595; 665; 9; 386; 464; 452; 68; 297; 400; 268; 94; 144; 337; 193; 66; 87; 245; 189; 34; 67; 173; 147; 22; 47; 113; 112; 12; 48; 68; 65; 8; 28; 39; 23; 5; 13; 29; 34; 5; 17; 12; 24; 8; 5; 14; 8; 4; 2; 11; 6; 0; 9; 8; 8; 1; 0; 6; 7; 0; 1; 6; 2; 0; 2; 2; 0; 0; 0; 4; 2; 0; 1; 1; 1; 0; 0; 0; 0; 0; 0; 0; 0; 0; 1; 0; 0; 0; 0; 0; 0; 0; 1, 100000, 100000, 100000, 100000, 1, 0.5, 1, 1, 8, 4, 1, 440, 1, 30, 720, 0.5, 0.3, 1, 0.8, 0.001, 0.2, 0.8, 10, 0, 0, 20, 0, 10, 10, 20, 50, 100, 0, 1, 0, 0
None, 350, 931.53, 1127.19, 0.0, 0.0981446, 0.95, 8.0, 199689.0, 9924; 0; 0; 0; 0; 0; 0; 0; 0; 0; 0; 0; 0; 0; 0; 0; 0; 0; 0; 0; 0; 0; 0; 0; 0; 0; 0; 0; 0; 0; 0; 0; 0; 0; 0; 0; 0; 0; 0; 0; 0; 0; 0; 0; 0; 0; 0; 1; 2; 31; 32; 0; 0; 0; 0; 0; 0; 0; 0; 0; 0; 0; 0; 0; 0; 0; 0; 0; 0; 0; 0; 0; 0; 0; 0; 0; 0; 0; 0; 0; 0; 0; 0; 0; 0; 0; 0; 0; 0; 0; 0; 0; 0; 0; 0; 0; 0; 0; 0; 9; 1, 410.0, 5521.0, 262; 664; 671; 111; 4; 1627; 68; 17; 295; 1347; 13; 11; 420; 886; 3; 71; 299; 631; 12; 99; 223; 403; 18; 86; 152; 302; 19; 83; 134; 208; 20; 46; 78; 136; 19; 32; 54; 86; 13; 32; 32; 47; 6; 16; 27; 42; 6; 8; 19; 19; 4; 3; 18; 11; 5; 2; 16; 5; 3; 4; 4; 8; 0; 2; 7; 8; 1; 3; 1; 7; 0; 1; 0; 3; 0; 1; 1; 0; 0; 0; 0; 1; 0; 0; 0; 0; 0; 1; 0; 0; 0; 0; 0; 0; 0; 1; 1; 0; 0; 0; 1, 100000, 100000, 100000, 100000, 1, 0.5, 1, 1, 8, 4, 1, 440, 1, 30, 720, 0.5, 0.3, 1, 0.8, 0.001, 0.2, 0.8, 10, 0, 0, 20, 0, 10, 10, 20, 50, 100, 0, 1, 0, 0
None, 300, 2889.2, 1084.79, 0.0, 0.0981446, 0.95, 8.0, 199779.0, 9740; 1; 0; 0; 0; 0; 0; 0; 0; 0; 0; 0; 0; 0; 0; 0; 0; 0; 0; 0; 0; 0; 0; 0; 0; 0; 0; 0; 0; 0; 0; 0; 0; 0; 0; 0; 0; 0; 0; 0; 0; 0; 0; 0; 0; 0; 0; 0; 3; 153; 88; 0; 0; 0; 0; 0; 0; 0; 0; 0; 0; 0; 0; 0; 0; 0; 0; 0; 0; 0; 0; 0; 0; 0; 0; 0; 0; 0; 0; 0; 0; 0; 0; 0; 0; 0; 0; 0; 0; 0; 0; 0; 0; 0; 0; 0; 0; 0; 0; 14; 1, 21.0, 4625.0, 2; 0; 1; 8; 1; 3; 18; 13; 98; 4; 1435; 35; 50; 6; 804; 1075; 3; 2; 847; 878; 39; 39; 362; 768; 246; 42; 248; 347; 365; 55; 137; 198; 271; 82; 74; 130; 151; 141; 47; 81; 104; 101; 48; 44; 52; 69; 50; 29; 37; 29; 38; 29; 9; 21; 27; 24; 11; 13; 21; 15; 9; 6; 7; 11; 9; 8; 6; 5; 8; 4; 4; 7; 5; 3; 2; 4; 1; 7; 1; 2; 1; 0; 3; 0; 1; 0; 1; 1; 0; 2; 0; 0; 0; 0; 1; 0; 0; 1; 0; 2; 1, 100000, 100000, 100000, 100000, 1, 0.5, 1, 1, 8, 4, 1, 440, 1, 30, 720, 0.5, 0.3, 1, 0.8, 0.001, 0.2, 0.8, 10, 0, 0, 20, 0, 10, 10, 20, 50, 100, 0, 1, 0, 0
None, 250, None, None, None, None, None, None, None, None, None, None, None, 100000, 100000, 100000, 100000, 1, 0.5, 1, 1, 8, 4, 1, 440, 1, 30, 720, 0.5, 0.3, 1, 0.8, 0.001, 0.2, 0.8, 10, 0, 0, 20, 0, 10, 10, 20, 50, 100, 0, 1, 0, 0
